0001.jpg,0.00
0002.jpg,2.00
0003.jpg,4.00
0004.jpg,6.01
0005.jpg,7.64
0006.jpg,8.01
0007.jpg,10.01
0008.jpg,12.01
0009.jpg,14.01
0010.jpg,16.02
0011.jpg,18.02
0012.jpg,20.02
0013.jpg,22.02
0014.jpg,24.02
0015.jpg,26.03
0016.jpg,28.03
0017.jpg,30.03
0018.jpg,32.03
0019.jpg,33.80
0020.jpg,34.03
0021.jpg,36.04
0022.jpg,38.04
0023.jpg,40.04
0024.jpg,42.04
0025.jpg,44.04
0026.jpg,46.05
0027.jpg,48.05
0028.jpg,50.05
0029.jpg,52.05
0030.jpg,54.05
0031.jpg,56.06
0032.jpg,58.06
0033.jpg,60.06
0034.jpg,62.06
0035.jpg,64.06
0036.jpg,66.07
0037.jpg,68.07
0038.jpg,70.07
0039.jpg,72.07
0040.jpg,74.07
0041.jpg,76.08
0042.jpg,78.08
0043.jpg,80.08
0044.jpg,82.08
0045.jpg,84.08
0046.jpg,86.09
0047.jpg,88.09
0048.jpg,90.09
0049.jpg,92.09
0050.jpg,94.09
0051.jpg,96.10
0052.jpg,98.10
0053.jpg,100.10
0054.jpg,102.10
0055.jpg,104.10
0056.jpg,106.11
0057.jpg,108.11
0058.jpg,110.11
0059.jpg,112.11
0060.jpg,114.11
0061.jpg,116.12
0062.jpg,118.12
0063.jpg,120.12
0064.jpg,122.12
0065.jpg,124.12
0066.jpg,126.13
0067.jpg,128.13
0068.jpg,130.13
0069.jpg,132.13
0070.jpg,134.13
0071.jpg,136.14
0072.jpg,138.14
0073.jpg,140.14
0074.jpg,142.14
0075.jpg,144.14
0076.jpg,146.15
0077.jpg,148.15
0078.jpg,150.15
0079.jpg,152.15
0080.jpg,154.15
0081.jpg,156.16
0082.jpg,158.16
0083.jpg,160.16
0084.jpg,162.16
0085.jpg,164.16
0086.jpg,166.17
0087.jpg,168.17
0088.jpg,170.17
0089.jpg,172.17
0090.jpg,174.17
0091.jpg,176.18
0092.jpg,178.18
0093.jpg,180.18
0094.jpg,182.18
0095.jpg,184.18
0096.jpg,186.19
0097.jpg,188.19
0098.jpg,190.19
0099.jpg,192.19
0100.jpg,194.19
0101.jpg,196.20
0102.jpg,198.20
0103.jpg,200.20
0104.jpg,202.20
0105.jpg,204.20
0106.jpg,206.21
0107.jpg,208.21
0108.jpg,210.21
0109.jpg,212.21
0110.jpg,214.21
0111.jpg,216.22
0112.jpg,218.22
0113.jpg,220.22
0114.jpg,222.22
0115.jpg,224.22
0116.jpg,226.23
0117.jpg,228.23
0118.jpg,230.23
0119.jpg,232.23
0120.jpg,234.23
0121.jpg,236.24
0122.jpg,238.24
0123.jpg,240.24
0124.jpg,242.24
0125.jpg,244.24
0126.jpg,246.25
0127.jpg,248.25
0128.jpg,250.25
0129.jpg,252.25
0130.jpg,254.25
0131.jpg,256.26
0132.jpg,258.26
0133.jpg,260.26
0134.jpg,262.26
0135.jpg,264.26
0136.jpg,266.27
0137.jpg,268.27
0138.jpg,270.27
0139.jpg,272.27
0140.jpg,274.27
0141.jpg,276.28
0142.jpg,278.28
0143.jpg,280.28
0144.jpg,282.28
0145.jpg,284.28
0146.jpg,286.29
0147.jpg,288.29
0148.jpg,290.29
0149.jpg,292.29
0150.jpg,294.29
0151.jpg,296.30
0152.jpg,298.30
0153.jpg,300.30
0154.jpg,302.30
0155.jpg,304.30
0156.jpg,306.31
0157.jpg,308.31
0158.jpg,310.31
0159.jpg,312.31
0160.jpg,314.31
0161.jpg,316.32
0162.jpg,318.32
0163.jpg,320.32
0164.jpg,322.32
0165.jpg,324.32
0166.jpg,326.33
0167.jpg,328.33
0168.jpg,330.33
0169.jpg,332.33
0170.jpg,334.33
0171.jpg,336.34
0172.jpg,338.34
0173.jpg,340.34
0174.jpg,342.34
0175.jpg,344.34
0176.jpg,345.48
0177.jpg,346.35
0178.jpg,348.35
0179.jpg,350.35
0180.jpg,352.35
0181.jpg,354.35
0182.jpg,356.36
0183.jpg,358.36
0184.jpg,360.36
0185.jpg,362.36
0186.jpg,364.36
0187.jpg,366.37
0188.jpg,368.37
0189.jpg,370.37
0190.jpg,372.37
0191.jpg,374.37
0192.jpg,376.38
0193.jpg,378.38
0194.jpg,380.38
0195.jpg,382.38
0196.jpg,384.38
0197.jpg,386.39
0198.jpg,388.39
0199.jpg,390.39
0200.jpg,392.39
0201.jpg,394.39
0202.jpg,396.40
0203.jpg,398.40
0204.jpg,400.40
0205.jpg,402.40
0206.jpg,404.40
0207.jpg,406.41
0208.jpg,408.41
0209.jpg,410.41
0210.jpg,412.41
0211.jpg,414.41
0212.jpg,416.42
0213.jpg,418.42
0214.jpg,420.42
0215.jpg,422.42
0216.jpg,424.42
0217.jpg,426.43
0218.jpg,428.43
0219.jpg,430.43
0220.jpg,432.43
0221.jpg,434.43
0222.jpg,436.44
0223.jpg,438.44
0224.jpg,440.44
0225.jpg,442.44
0226.jpg,444.44
0227.jpg,446.45
0228.jpg,448.45
0229.jpg,450.45
0230.jpg,452.45
0231.jpg,454.45
0232.jpg,456.46
0233.jpg,458.46
0234.jpg,460.46
0235.jpg,462.46
0236.jpg,464.46
0237.jpg,466.47
0238.jpg,468.47
0239.jpg,470.47
0240.jpg,472.47
0241.jpg,474.47
0242.jpg,476.48
0243.jpg,478.48
0244.jpg,480.48
0245.jpg,482.48
0246.jpg,484.48
0247.jpg,486.49
0248.jpg,488.49
0249.jpg,490.49
0250.jpg,492.49
0251.jpg,494.49
0252.jpg,496.50
0253.jpg,498.50
0254.jpg,500.50
0255.jpg,502.50
0256.jpg,504.50
0257.jpg,506.51
0258.jpg,508.51
0259.jpg,510.51
0260.jpg,512.51
0261.jpg,514.51
0262.jpg,516.52
0263.jpg,518.52
0264.jpg,520.52
0265.jpg,522.52
0266.jpg,524.52
0267.jpg,526.53
0268.jpg,528.53
0269.jpg,530.53
0270.jpg,532.53
0271.jpg,534.53
0272.jpg,536.54
0273.jpg,538.54
0274.jpg,540.54
0275.jpg,542.54
0276.jpg,544.54
0277.jpg,546.55
0278.jpg,548.55
0279.jpg,550.55
0280.jpg,552.55
0281.jpg,554.55
0282.jpg,556.56
0283.jpg,558.56
0284.jpg,560.56
0285.jpg,562.56
0286.jpg,564.56
0287.jpg,566.57
0288.jpg,568.57
0289.jpg,570.57
0290.jpg,572.57
0291.jpg,574.57
0292.jpg,576.58
0293.jpg,578.58
0294.jpg,580.58
0295.jpg,582.58
0296.jpg,584.58
0297.jpg,586.59
0298.jpg,588.59
0299.jpg,590.59
0300.jpg,592.59
0301.jpg,594.59
0302.jpg,596.60
0303.jpg,598.60
0304.jpg,600.60
0305.jpg,602.60
0306.jpg,604.60
0307.jpg,605.91
0308.jpg,606.61
0309.jpg,608.61
0310.jpg,610.61
0311.jpg,612.61
0312.jpg,614.61
0313.jpg,616.62
0314.jpg,618.62
0315.jpg,620.62
0316.jpg,622.62
0317.jpg,624.62
0318.jpg,626.63
0319.jpg,628.63
0320.jpg,630.63
0321.jpg,632.63
0322.jpg,634.63
0323.jpg,636.64
0324.jpg,638.64
0325.jpg,640.64
0326.jpg,642.64
0327.jpg,644.64
0328.jpg,646.65
0329.jpg,648.65
0330.jpg,650.65
0331.jpg,652.65
0332.jpg,654.65
0333.jpg,656.66
0334.jpg,658.66
0335.jpg,660.66
0336.jpg,662.66
0337.jpg,664.66
0338.jpg,666.67
0339.jpg,668.67
0340.jpg,669.97
0341.jpg,670.67
0342.jpg,672.67
0343.jpg,674.67
0344.jpg,676.68
0345.jpg,678.68
0346.jpg,680.68
0347.jpg,682.68
0348.jpg,684.68
0349.jpg,686.69
0350.jpg,688.15
0351.jpg,688.69
0352.jpg,690.56
0353.jpg,690.69
0354.jpg,691.22
0355.jpg,691.49
0356.jpg,692.69
0357.jpg,694.69
0358.jpg,696.70
0359.jpg,698.70
0360.jpg,700.70
0361.jpg,702.70
0362.jpg,704.70
0363.jpg,706.71
0364.jpg,708.71
0365.jpg,710.71
0366.jpg,712.71
0367.jpg,714.71
0368.jpg,716.72
0369.jpg,718.72
0370.jpg,720.72
0371.jpg,722.72
0372.jpg,724.72
0373.jpg,726.73
0374.jpg,728.73
0375.jpg,730.73
0376.jpg,732.73
0377.jpg,734.73
0378.jpg,736.74
0379.jpg,738.74
0380.jpg,740.74
0381.jpg,742.74
0382.jpg,744.74
0383.jpg,746.75
0384.jpg,748.75
0385.jpg,750.75
0386.jpg,752.75
0387.jpg,754.75
0388.jpg,756.76
0389.jpg,758.76
0390.jpg,760.76
0391.jpg,762.76
0392.jpg,764.76
0393.jpg,766.77
0394.jpg,768.77
0395.jpg,770.77
0396.jpg,772.77
0397.jpg,774.77
0398.jpg,776.78
0399.jpg,778.78
0400.jpg,780.78
0401.jpg,782.78
0402.jpg,784.78
0403.jpg,786.79
0404.jpg,788.79
0405.jpg,790.79
0406.jpg,792.79
0407.jpg,794.79
0408.jpg,796.80
0409.jpg,798.80
0410.jpg,800.80
0411.jpg,802.80
0412.jpg,804.80
0413.jpg,806.81
0414.jpg,808.81
0415.jpg,810.81
0416.jpg,812.81
0417.jpg,814.81
0418.jpg,816.82
0419.jpg,818.82
0420.jpg,820.82
0421.jpg,822.82
0422.jpg,824.82
0423.jpg,826.83
0424.jpg,828.83
0425.jpg,830.83
0426.jpg,832.83
0427.jpg,834.83
0428.jpg,836.84
0429.jpg,838.84
0430.jpg,840.84
0431.jpg,842.84
0432.jpg,844.84
0433.jpg,846.85
0434.jpg,848.85
0435.jpg,850.85
0436.jpg,852.85
0437.jpg,854.85
0438.jpg,856.86
0439.jpg,858.86
0440.jpg,860.86
0441.jpg,862.86
0442.jpg,864.86
0443.jpg,866.87
0444.jpg,868.87
0445.jpg,870.87
0446.jpg,872.87
0447.jpg,874.87
0448.jpg,876.88
0449.jpg,878.88
0450.jpg,880.88
0451.jpg,882.88
0452.jpg,884.88
0453.jpg,886.89
0454.jpg,888.89
0455.jpg,890.89
0456.jpg,892.89
0457.jpg,894.89
0458.jpg,896.90
0459.jpg,898.90
0460.jpg,900.90
0461.jpg,902.90
0462.jpg,904.90
0463.jpg,906.91
0464.jpg,908.91
0465.jpg,910.91
0466.jpg,912.91
0467.jpg,914.91
0468.jpg,916.92
0469.jpg,918.92
0470.jpg,920.92
0471.jpg,922.92
0472.jpg,924.92
0473.jpg,926.93
0474.jpg,926.96
0475.jpg,928.93
0476.jpg,930.93
0477.jpg,932.93
0478.jpg,934.93
0479.jpg,936.94
0480.jpg,938.94
0481.jpg,940.94
0482.jpg,942.94
0483.jpg,944.94
0484.jpg,946.95
0485.jpg,948.95
0486.jpg,950.95
0487.jpg,952.95
0488.jpg,954.95
0489.jpg,956.96
0490.jpg,958.96
0491.jpg,960.96
0492.jpg,962.96
0493.jpg,964.96
0494.jpg,966.97
0495.jpg,968.97
0496.jpg,970.97
0497.jpg,972.97
0498.jpg,974.97
0499.jpg,976.98
0500.jpg,978.98
0501.jpg,980.98
0502.jpg,982.98
0503.jpg,984.98
0504.jpg,986.99
0505.jpg,988.99
0506.jpg,990.99
0507.jpg,992.99
0508.jpg,994.99
0509.jpg,997.00
0510.jpg,999.00
0511.jpg,1001.00
0512.jpg,1003.00
0513.jpg,1005.00
0514.jpg,1007.01
0515.jpg,1009.01
0516.jpg,1011.01
0517.jpg,1013.01
0518.jpg,1015.01
0519.jpg,1017.02
0520.jpg,1019.02
0521.jpg,1019.25
0522.jpg,1021.02
0523.jpg,1023.02
0524.jpg,1025.02
0525.jpg,1027.03
0526.jpg,1029.03
0527.jpg,1031.03
0528.jpg,1033.03
0529.jpg,1035.03
0530.jpg,1037.04
0531.jpg,1039.04
0532.jpg,1041.04
0533.jpg,1043.04
0534.jpg,1045.04
0535.jpg,1047.05
0536.jpg,1049.05
0537.jpg,1051.05
0538.jpg,1053.05
0539.jpg,1055.05
0540.jpg,1057.06
0541.jpg,1059.06
0542.jpg,1061.06
0543.jpg,1063.06
0544.jpg,1065.06
0545.jpg,1067.07
0546.jpg,1069.07
0547.jpg,1071.07
0548.jpg,1073.07
0549.jpg,1075.07
0550.jpg,1077.08
0551.jpg,1079.08
0552.jpg,1081.08
0553.jpg,1083.08
